{"type": "metrics", "dataset": "train", "precision": 0.3681305777360263, "balanced_accuracy": 0.6659523418273726, "recall": 0.6634920634920635, "f1_score": 0.47352918963824486}
{"type": "metrics", "dataset": "test", "precision": 0.3491666666666667, "balanced_accuracy": 0.6641183036624949, "recall": 0.6594963273871983, "f1_score": 0.4565928078459862}
{"type": "cm_matrix", "dataset": "train", "true_0": {"predicted_0": 10847, "predicted_1": 5381}, "true_1": {"predicted_0": 1590, "predicted_1": 3135}}
{"type": "cm_matrix", "dataset": "test", "true_0": {"predicted_0": 4730, "predicted_1": 2343}, "true_1": {"predicted_0": 649, "predicted_1": 1257}}
